[
  {
    "JSON Output": "[\n  {\n    \"date\": \"2025-04-11T16:00:00.000Z\",\n    \"hour\": 21,\n    \"avg_moisture\": 6.57\n  },\n  {\n    \"date\": \"2025-04-11T16:00:00.000Z\",\n    \"hour\": 22,\n    \"avg_moisture\": 6.37\n  },\n  {\n    \"date\": \"2025-04-11T16:00:00.000Z\",\n    \"hour\": 23,\n    \"avg_moisture\": 62\n  },\n  {\n    \"date\": \"2025-04-12T16:00:00.000Z\",\n    \"hour\": 0,\n    \"avg_moisture\": 38.25\n  },\n  {\n    \"date\": \"2025-04-12T16:00:00.000Z\",\n    \"hour\": 12,\n    \"avg_moisture\": 30.32\n  },\n  {\n    \"date\": \"2025-04-12T16:00:00.000Z\",\n    \"hour\": 13,\n    \"avg_moisture\": 30.73\n  },\n  {\n    \"date\": \"2025-04-12T16:00:00.000Z\",\n    \"hour\": 14,\n    \"avg_moisture\": 31.62\n  },\n  {\n    \"date\": \"2025-04-12T16:00:00.000Z\",\n    \"hour\": 15,\n    \"avg_moisture\": 33.32\n  },\n  {\n    \"date\": \"2025-04-12T16:00:00.000Z\",\n    \"hour\": 16,\n    \"avg_moisture\": 48.38\n  },\n  {\n    \"date\": \"2025-04-12T16:00:00.000Z\",\n    \"hour\": 17,\n    \"avg_moisture\": 47.55\n  },\n  {\n    \"date\": \"2025-04-12T16:00:00.000Z\",\n    \"hour\": 18,\n    \"avg_moisture\": 45.72\n  },\n  {\n    \"date\": \"2025-04-12T16:00:00.000Z\",\n    \"hour\": 19,\n    \"avg_moisture\": 48.18\n  },\n  {\n    \"date\": \"2025-04-12T16:00:00.000Z\",\n    \"hour\": 20,\n    \"avg_moisture\": 75.9\n  },\n  {\n    \"date\": \"2025-04-12T16:00:00.000Z\",\n    \"hour\": 21,\n    \"avg_moisture\": 74.85\n  },\n  {\n    \"date\": \"2025-04-12T16:00:00.000Z\",\n    \"hour\": 22,\n    \"avg_moisture\": 76.03\n  },\n  {\n    \"date\": \"2025-04-12T16:00:00.000Z\",\n    \"hour\": 23,\n    \"avg_moisture\": 75.62\n  },\n  {\n    \"date\": \"2025-04-13T16:00:00.000Z\",\n    \"hour\": 0,\n    \"avg_moisture\": 85.48\n  },\n  {\n    \"date\": \"2025-04-13T16:00:00.000Z\",\n    \"hour\": 1,\n    \"avg_moisture\": 85.97\n  },\n  {\n    \"date\": \"2025-04-13T16:00:00.000Z\",\n    \"hour\": 2,\n    \"avg_moisture\": 84.57\n  },\n  {\n    \"date\": \"2025-04-13T16:00:00.000Z\",\n    \"hour\": 3,\n    \"avg_moisture\": 86.45\n  },\n  {\n    \"date\": \"2025-04-13T16:00:00.000Z\",\n    \"hour\": 4,\n    \"avg_moisture\": 85.95\n  },\n  {\n    \"date\": \"2025-04-13T16:00:00.000Z\",\n    \"hour\": 5,\n    \"avg_moisture\": 83.25\n  },\n  {\n    \"date\": \"2025-04-13T16:00:00.000Z\",\n    \"hour\": 6,\n    \"avg_moisture\": 57.23\n  },\n  {\n    \"date\": \"2025-04-13T16:00:00.000Z\",\n    \"hour\": 7,\n    \"avg_moisture\": 58.62\n  },\n  {\n    \"date\": \"2025-04-13T16:00:00.000Z\",\n    \"hour\": 8,\n    \"avg_moisture\": 58.72\n  },\n  {\n    \"date\": \"2025-04-13T16:00:00.000Z\",\n    \"hour\": 9,\n    \"avg_moisture\": 57.03\n  },\n  {\n    \"date\": \"2025-04-13T16:00:00.000Z\",\n    \"hour\": 10,\n    \"avg_moisture\": 56.85\n  },\n  {\n    \"date\": \"2025-04-13T16:00:00.000Z\",\n    \"hour\": 11,\n    \"avg_moisture\": 57.7\n  },\n  {\n    \"date\": \"2025-04-13T16:00:00.000Z\",\n    \"hour\": 12,\n    \"avg_moisture\": 32.89\n  }\n]"
  }
]